CHAVE DE ACESSO;VALOR CABECALHO;SOMA ITENS;DIFERENCA;STATUS
35240107689002001070550040009651251068643412;16577,25;16055,45;521,80;DIVERGENTE
33240113798478000150550010000038591008060001;1203,34;1650,00;-446,66;DIVERGENTE
43240103746938001387550040001482911451453628;2154,05;1876,92;277,13;DIVERGENTE
43240110591513000178550010001589901593435130;8875,00;8697,06;177,94;DIVERGENTE
33240134164319000506550020007285111404046887;13033,16;13179,60;-146,44;DIVERGENTE
43240112889035000102550010003280411514625164;2743,20;2808,00;-64,80;DIVERGENTE
52240134274233010248550000000095681192430548;11758,92;11768,64;-9,72;DIVERGENTE
23240134274233013344550000000816521563567487;2206,11;2208,00;-1,89;DIVERGENTE
13240181243735001977550110003126831434389385;3557,00;3555,76;1,24;DIVERGENTE
50240129843878000170550010000025251000181553;499,00;499,50;-0,50;DIVERGENTE
43240104004419000172550000000468521472674279;191,48;191,54;-0,06;DIVERGENTE
51240129111673000109550020000141631362205850;898,98;899,00;-0,02;DIVERGENTE
51240119967950000118550010001417291227856484;281,85;281,84;0,01;DIVERGENTE
51240126588921000100550020000575441192309162;168,00;167,99;0,01;CONSISTENTE
26240100323090000151550010000778311445412925;586,30;586,29;0,01;CONSISTENTE
11240110473085000189550040000383291767672359;400,63;400,62;0,01;CONSISTENTE
51240107418552000163550070000298281013317735;359,01;359,00;0,01;CONSISTENTE
31240105731550000102550010000804471321562308;16288,26;16288,26;0,00;CONSISTENTE
13240122761584019250550010000219531214111438;1746,39;1746,39;0,00;CONSISTENTE
42240111142525000188550010000029281367881645;1826,68;1826,68;0,00;CONSISTENTE
25240126044732000177550010000007761667380661;8000,00;8000,00;0,00;CONSISTENTE
25240108761132000148558929001845831104091314;1955,00;1955,00;0,00;CONSISTENTE
29240105788360000113550010000367511001003700;475,90;475,90;0,00;CONSISTENTE
11240105082751000118550030000028071961141439;239,20;239,20;0,00;CONSISTENTE
13240132969749000138550010000025911980503676;3682,90;3682,90;0,00;CONSISTENTE
23240106628333000146550000003193591965191880;56100,00;56100,00;0,00;CONSISTENTE
21240103526252000147558902430102691512381960;3498,20;3498,20;0,00;CONSISTENTE
15240105054903000179558900026000941813445058;2286,39;2286,39;0,00;CONSISTENTE
23240122808990000121550010000050761000066380;361,00;361,00;0,00;CONSISTENTE
23240114124286000121550010000214351719667666;293,86;293,86;0,00;CONSISTENTE
24240121172344000158550010000226611518005129;71,20;71,20;0,00;CONSISTENTE
24240121172344000158550010000225941518005124;370,80;370,80;0,00;CONSISTENTE
25240108761132000148558929001803761379847297;362,94;362,94;0,00;CONSISTENTE
25240108761132000148558929001807301681639327;1733,28;1733,28;0,00;CONSISTENTE
21240100321961000106550010000027711281724627;338,00;338,00;0,00;CONSISTENTE
21240103526252000147558902430084471957013301;832,97;832,97;0,00;CONSISTENTE
33240124875483000136550010000615131690293359;9600,00;9600,00;0,00;CONSISTENTE
33240111637221000191550010000271611968108323;88,22;88,22;0,00;CONSISTENTE
33240111074537000112550010000170261252024011;509,49;509,49;0,00;CONSISTENTE
33240107556125000141550010000010271001370079;528,00;528,00;0,00;CONSISTENTE
33240103605534000130550000001298321747470850;14288,91;14288,91;0,00;CONSISTENTE
33240105057706000103550010000194861582785174;4829,00;4829,00;0,00;CONSISTENTE
33240101968236000189550020000000931000002482;642,50;642,50;0,00;CONSISTENTE
31240136933736000160550010000009641036036868;937,50;937,50;0,00;CONSISTENTE
31240114707364000110550010000604621344853230;330000,00;330000,00;0,00;CONSISTENTE
31240133180160000119550010000047911648600560;1178,00;1178,00;0,00;CONSISTENTE
31240123886799000160550010000006741816080000;16200,00;16200,00;0,00;CONSISTENTE
31240119400787000107550020001382881596542602;198,60;198,60;0,00;CONSISTENTE
26240144232997000180550010000001061604736206;207,25;207,25;0,00;CONSISTENTE
33240142498675000152558900084252611221488139;600,00;600,00;0,00;CONSISTENTE
33240131673254000102550000009419131947020033;726081,60;726081,60;0,00;CONSISTENTE
33240131343734000105550010000052751051465399;1840,00;1840,00;0,00;CONSISTENTE
35240134028316923228550010003649081807897660;139,35;139,35;0,00;CONSISTENTE
35240134028316923228550010003658491151444798;134,65;134,65;0,00;CONSISTENTE
35240134028316923228550010003662951402138670;131,78;131,78;0,00;CONSISTENTE
35240134028316923228550010003680821895807710;274,56;274,56;0,00;CONSISTENTE
35240134028316923228550010003682871190911646;274,56;274,56;0,00;CONSISTENTE
35240101139242000123550010001250251004442333;1446,40;1446,40;0,00;CONSISTENTE
35240101559403000138550030001344161759370688;10077,00;10077,00;0,00;CONSISTENTE
33240133702028000804550020001595111917230552;55000,00;55000,00;0,00;CONSISTENTE
35240101772798000667550010004019491025873265;6300,00;6300,00;0,00;CONSISTENTE
35240103508097000217550010000052651072024018;4948,54;4948,54;0,00;CONSISTENTE
35240103549807000176550010001603701247148068;29461,38;29461,38;0,00;CONSISTENTE
35240103772785001423551000002652261958305580;45,84;45,84;0,00;CONSISTENTE
35240113158576000123550010000007151038000006;43499,99;43499,99;0,00;CONSISTENTE
35240114477127000100550010000119341682014103;1416,00;1416,00;0,00;CONSISTENTE
35240131722206000159550010000025731541527270;189,00;189,00;0,00;CONSISTENTE
35240132366879000186550010000011051200015291;1497,60;1497,60;0,00;CONSISTENTE
41240106267630001509550010035101291224888487;522,50;522,50;0,00;CONSISTENTE
41240105360051000148550010000010821576569133;994,20;994,20;0,00;CONSISTENTE
35240162136304003820550010000683001779765870;1126,88;1126,88;0,00;CONSISTENTE
35240161186490000157551000000170551435015613;6712,16;6712,16;0,00;CONSISTENTE
35240161186490000157551000000169671147626930;285773,95;285773,95;0,00;CONSISTENTE
35240158309709000153550040001357171266796999;1292418,75;1292418,75;0,00;CONSISTENTE
35240151566738000151550010000000831685520093;1172,16;1172,16;0,00;CONSISTENTE
35240149287841000110550010000011321004038030;1842,00;1842,00;0,00;CONSISTENTE
35240147334422000167550010000000921112105297;393,90;393,90;0,00;CONSISTENTE
35240134028316923228550010003691801935917886;274,56;274,56;0,00;CONSISTENTE
35240134028316923228550010003691091625593939;274,56;274,56;0,00;CONSISTENTE
42240107200582000107550010000036381500353278;6643,48;6643,48;0,00;CONSISTENTE
42240142933602000141550010000003421234157448;752,40;752,40;0,00;CONSISTENTE
41240129614830000190550010000078741140340810;30,00;30,00;0,00;CONSISTENTE
41240133609404000136550010000001611332303229;7486,50;7486,50;0,00;CONSISTENTE
41240130102251000148550010000004791505616440;700,00;700,00;0,00;CONSISTENTE
43240142152392000154550000000007261000018147;6750,00;6750,00;0,00;CONSISTENTE
43240121783698000139550000000050201758542890;116,00;116,00;0,00;CONSISTENTE
43240115641333000177550010000138951880800008;20,00;20,00;0,00;CONSISTENTE
43240110245418000112550010000045771437361850;82265,75;82265,75;0,00;CONSISTENTE
41240147776164000179550010000002911000051442;760,00;760,00;0,00;CONSISTENTE
41240178796778000146550010000033861063270258;3384,58;3384,58;0,00;CONSISTENTE
50240111319557000378550010001138751342870272;25400,00;25400,00;0,00;CONSISTENTE
50240129412918000120550010000132521651818922;122202,60;122202,60;0,00;CONSISTENTE
50240112977901000117550010000051831659469117;337,50;337,50;0,00;CONSISTENTE
52240119442190000125550010000002051000008053;26881,20;26881,20;0,00;CONSISTENTE
52240147341740000155550010000010801662721631;960,00;960,00;0,00;CONSISTENTE
52240151607431000151550010000001151860625614;5441,64;5441,64;0,00;CONSISTENTE
53240109255999000194550010000000781887290010;20200,00;20200,00;0,00;CONSISTENTE
53240121793208000185550010000041621085505452;3426,00;3426,00;0,00;CONSISTENTE
53240123651234000102550010000108491171690576;27170,00;27170,00;0,00;CONSISTENTE
53240150506565000113550010000000191368001919;10799,60;10799,60;0,00;CONSISTENTE
